Room Number,Square Footage,Occupancy,Quality Score,Floorplan Score,,,,,,Singles Dorms,Doubles Dorms,,Location Rating,Description
BARBOUR HALL 106,265,2,0,0,,,,,,(1)     Barbour Hall,(10)  Babour Hall,,Hope,Right on Main Green by Faunce
BARBOUR HALL 108,283,2,0,0,,,,,,(26)  Chapin House,(26)  Chapin House,,Diman,"Right by Ratty, insulated from noise"
BARBOUR HALL 201,347,2,0,0,,,,,,(5)     Diman House,(14)  Diman House,,Goddard,Right on Patriot's Court below Diman
BARBOUR HALL 206,265,2,0,0,,,,,,(19)  Goddard House,(7)     Goddard House,,Marcy,"Between Wriston and Patriot's, potentially noisey"
BARBOUR HALL 208,283,2,0,0,,,,,,(83)  Grad Center B*,(22)  Gregorian Hall,,Littlefield,"Insultated, central location"
BARBOUR HALL 301,347,2,0,0,,,,,,(95)  Grad Center D,(21)  Hope College,,Chapin,On Thayer Street right below Ratty
BARBOUR HALL 302,262,2,0,0,,,,,,(4)     Hope College,(23)  Littlefield Hall,,Caswell,On Simmons Quad by Thayer
BARBOUR HALL 304,199,1,0,0,,,,,,(8)     Marcy House,(5)     Marcy House,,Sears,"Good location, but on Wriston and houses frat"
BARBOUR HALL 305,361,2,0,0,,,,,,(5)     Minden Hall*,(15)  Middle Caswell,,Olney,"Solid location on Wriston, houses Sigma Chi"
BARBOUR HALL 306,265,2,0,0,,,,,,(1)     New Pembroke,(13)   North Caswell,,Grad Center,"Far, south campus below Ratty"
BARBOUR HALL 308,283,2,0,0,,,,,,(11)  Olney House,(14)   South Caswell,,Gregorian,"Far, right outside Jo's"
CHAPIN HOUSE 109,133,1,0,0,,,,,,(2)     Perkins Hall,(19)   Minden Hall*,,Minden,"Past SciLi, decent location, socially isolated"
CHAPIN HOUSE 110,133,1,0,0,,,,,,(17)  Sears House,(9)      New Pembroke,,New Pembroke,"North campus, right on Thayer"
CHAPIN HOUSE 111,133,1,0,0,,,,,,,(15)   Olney House,,Barbour,Second farthest (south campus)
CHAPIN HOUSE 112,133,1,0,0,,,,,,*might be JrSr only,(93)   Perkins Hall,,Perkins,Farthest from everything (south campus)
CHAPIN HOUSE 113,219,2,0,0,,,,,,,(11)   Sears House,,,
CHAPIN HOUSE 114A,165,1,0,0,,,,,,Mark's room: 283,,,,
CHAPIN HOUSE 117,219,2,0,0,,,,,,Ben's room: 238,,,,
CHAPIN HOUSE 119,134,1,0,0,,,,,,,,,,
CHAPIN HOUSE 120,134,1,0,0,,,,,,,,,,
CHAPIN HOUSE 121,133,1,0,0,,,,,,,,,,
CHAPIN HOUSE 201,232,2,0,0,,,,,,,,,,
CHAPIN HOUSE 202,232,2,0,0,,,,,,,,,,
CHAPIN HOUSE 204,243,2,0,0,,,,,,,,,,
CHAPIN HOUSE 207,244,2,0,0,,,,,,,,,,
CHAPIN HOUSE 209,133,1,0,0,,,,,,,,,,
CHAPIN HOUSE 212,133,1,0,0,,,,,,,,,,
CHAPIN HOUSE 213,219,2,0,0,,,,,,,,,,
CHAPIN HOUSE 214,251,2,0,0,,,,,,,,,,
CHAPIN HOUSE 217,219,2,0,0,,,,,,,,,,
CHAPIN HOUSE 219,134,1,0,0,,,,,,,,,,
CHAPIN HOUSE 224,248,2,0,0,,,,,,,,,,
CHAPIN HOUSE 226A,122,1,0,0,,,,,,,,,,
CHAPIN HOUSE 226B,122,1,0,0,,,,,,,,,,
CHAPIN HOUSE 228,243,2,0,0,,,,,,,,,,
CHAPIN HOUSE 229,232,2,0,0,,,,,,,,,,
CHAPIN HOUSE 230,232,2,0,0,,,,,,,,,,
CHAPIN HOUSE 301,232,2,0,0,,,,,,,,,,
CHAPIN HOUSE 302,232,2,0,0,,,,,,,,,,
CHAPIN HOUSE 303,153,1,0,0,,,,,,,,,,
CHAPIN HOUSE 304,243,2,0,0,,,,,,,,,,
CHAPIN HOUSE 306A,122,1,0,0,,,,,,,,,,
CHAPIN HOUSE 306B,122,1,0,0,,,,,,,,,,
CHAPIN HOUSE 307,244,2,0,0,,,,,,,,,,
CHAPIN HOUSE 308,248,2,0,0,,,,,,,,,,
CHAPIN HOUSE 309,128,1,0,0,,,,,,,,,,
CHAPIN HOUSE 310,129,1,0,0,,,,,,,,,,
CHAPIN HOUSE 311,129,1,0,0,,,,,,,,,,
CHAPIN HOUSE 312,129,1,0,0,,,,,,,,,,
CHAPIN HOUSE 313,219,2,0,0,,,,,,,,,,
CHAPIN HOUSE 314,230,2,0,0,,,,,,,,,,
CHAPIN HOUSE 317,219,2,0,0,,,,,,,,,,
CHAPIN HOUSE 320,129,1,0,0,,,,,,,,,,
CHAPIN HOUSE 321,129,1,0,0,,,,,,,,,,
CHAPIN HOUSE 322,129,1,0,0,,,,,,,,,,
CHAPIN HOUSE 323,244,2,0,0,,,,,,,,,,
CHAPIN HOUSE 324,248,2,0,0,,,,,,,,,,
CHAPIN HOUSE 326A,122,1,0,0,,,,,,,,,,
CHAPIN HOUSE 326B,122,1,0,0,,,,,,,,,,
CHAPIN HOUSE 327,153,1,0,0,,,,,,,,,,
CHAPIN HOUSE 328,243,2,0,0,,,,,,,,,,
CHAPIN HOUSE 329,232,2,0,0,,,,,,,,,,
CHAPIN HOUSE 330,232,2,0,0,,,,,,,,,,
DIMAN HOUSE 117,224,2,0,0,,,,,,,,,,
DIMAN HOUSE 121,215,2,0,0,,,,,,,,,,
DIMAN HOUSE 217,224,2,0,0,,,,,,,,,,
DIMAN HOUSE 226,133,1,0,0,,,,,,,,,,
DIMAN HOUSE 227,248,2,0,0,,,,,,,,,,
DIMAN HOUSE 228,248,2,0,0,,,,,,,,,,
DIMAN HOUSE 233,232,2,0,0,,,,,,,,,,
DIMAN HOUSE 234,232,2,0,0,,,,,,,,,,
DIMAN HOUSE 317,205,2,0,0,,,,,,,,,,
DIMAN HOUSE 321,215,2,0,0,,,,,,,,,,
DIMAN HOUSE 326,129,1,0,0,,,,,,,,,,
DIMAN HOUSE 327,248,2,0,0,,,,,,,,,,
DIMAN HOUSE 328,248,2,0,0,,,,,,,,,,
DIMAN HOUSE 329A,122,1,0,0,,,,,,,,,,
DIMAN HOUSE 329B,122,1,0,0,,,,,,,,,,
DIMAN HOUSE 331,245,2,0,0,,,,,,,,,,
DIMAN HOUSE 332,153,1,0,0,,,,,,,,,,
DIMAN HOUSE 333,232,2,0,0,,,,,,,,,,
DIMAN HOUSE 334,232,2,0,0,,,,,,,,,,
GODDARD HOUSE 210,121,1,0,0,,,,,,,,,,
GODDARD HOUSE 212,126,1,0,0,,,,,,,,,,
GODDARD HOUSE 214,133,1,0,0,,,,,,,,,,
GODDARD HOUSE 216,133,1,0,0,,,,,,,,,,
GODDARD HOUSE 217,135,2,0,0,,,,,,,,,,
GODDARD HOUSE 219,132,1,0,0,,,,,,,,,,
GODDARD HOUSE 223,224,2,0,0,,,,,,,,,,
GODDARD HOUSE 227,219,2,0,0,,,,,,,,,,
GODDARD HOUSE 317,127,1,0,0,,,,,,,,,,
GODDARD HOUSE 318,127,1,0,0,,,,,,,,,,
GODDARD HOUSE 319,132,1,0,0,,,,,,,,,,
GODDARD HOUSE 323,224,2,0,0,,,,,,,,,,
GODDARD HOUSE 327,219,2,0,0,,,,,,,,,,
GODDARD HOUSE 329,129,1,0,0,,,,,,,,,,
GODDARD HOUSE 330,129,1,0,0,,,,,,,,,,
GODDARD HOUSE 331,129,1,0,0,,,,,,,,,,
GODDARD HOUSE 332,129,1,0,0,,,,,,,,,,
GODDARD HOUSE 333,129,1,0,0,,,,,,,,,,
GODDARD HOUSE 334,129,1,0,0,,,,,,,,,,
GODDARD HOUSE 335,129,1,0,0,,,,,,,,,,
GODDARD HOUSE 336,129,1,0,0,,,,,,,,,,
GODDARD HOUSE 338,126,1,0,0,,,,,,,,,,
GODDARD HOUSE 340,121,1,0,0,,,,,,,,,,
GODDARD HOUSE 342,250,2,0,0,,,,,,,,,,
GODDARD HOUSE 345,141,1,0,0,,,,,,,,,,
GODDARD HOUSE 347,232,2,0,0,,,,,,,,,,
GRAD CENTER B 110 111,128,1,0,0,,,,,,,,,,
GRAD CENTER B 110 112,121,1,0,0,,,,,,,,,,
GRAD CENTER B 110 113,117,1,0,0,,,,,,,,,,
GRAD CENTER B 110 114,128,1,0,0,,,,,,,,,,
GRAD CENTER B 110 115,117,1,0,0,,,,,,,,,,
GRAD CENTER B 120 121,121,1,0,0,,,,,,,,,,
GRAD CENTER B 120 122,117,1,0,0,,,,,,,,,,
GRAD CENTER B 120 123,128,1,0,0,,,,,,,,,,
GRAD CENTER B 120 124,117,1,0,0,,,,,,,,,,
GRAD CENTER B 120 125,128,1,0,0,,,,,,,,,,
GRAD CENTER B 140 141,121,1,0,0,,,,,,,,,,
GRAD CENTER B 140 142,117,1,0,0,,,,,,,,,,
GRAD CENTER B 140 143,128,1,0,0,,,,,,,,,,
GRAD CENTER B 140 144,117,1,0,0,,,,,,,,,,
GRAD CENTER B 140 145,128,1,0,0,,,,,,,,,,
GRAD CENTER B 230 231,128,1,0,0,,,,,,,,,,
GRAD CENTER B 230 232,121,1,0,0,,,,,,,,,,
GRAD CENTER B 230 233,117,1,0,0,,,,,,,,,,
GRAD CENTER B 230 234,128,1,0,0,,,,,,,,,,
GRAD CENTER B 230 235,117,1,0,0,,,,,,,,,,
GRAD CENTER B 240 245,128,1,0,0,,,,,,,,,,
GRAD CENTER B 310 311,128,1,0,0,,,,,,,,,,
GRAD CENTER B 310 312,121,1,0,0,,,,,,,,,,
GRAD CENTER B 310 313,117,1,0,0,,,,,,,,,,
GRAD CENTER B 310 314,128,1,0,0,,,,,,,,,,
GRAD CENTER B 310 315,117,1,0,0,,,,,,,,,,
GRAD CENTER B 310 316,128,1,0,0,,,,,,,,,,
GRAD CENTER B 320 321,121,1,0,0,,,,,,,,,,
GRAD CENTER B 320 322,117,1,0,0,,,,,,,,,,
GRAD CENTER B 320 323,128,1,0,0,,,,,,,,,,
GRAD CENTER B 320 324,117,1,0,0,,,,,,,,,,
GRAD CENTER B 320 325,128,1,0,0,,,,,,,,,,
GRAD CENTER B 340 341,121,1,0,0,,,,,,,,,,
GRAD CENTER B 340 342,117,1,0,0,,,,,,,,,,
GRAD CENTER B 340 343,128,1,0,0,,,,,,,,,,
GRAD CENTER B 340 344,117,1,0,0,,,,,,,,,,
GRAD CENTER B 340 345,128,1,0,0,,,,,,,,,,
GRAD CENTER B 410 411,128,1,0,0,,,,,,,,,,
GRAD CENTER B 410 413,117,1,0,0,,,,,,,,,,
GRAD CENTER B 410 414,128,1,0,0,,,,,,,,,,
GRAD CENTER B 410 415,117,1,0,0,,,,,,,,,,
GRAD CENTER B 410 416,128,1,0,0,,,,,,,,,,
GRAD CENTER B 420 421,121,1,0,0,,,,,,,,,,
GRAD CENTER B 420 422,117,1,0,0,,,,,,,,,,
GRAD CENTER B 420 423,128,1,0,0,,,,,,,,,,
GRAD CENTER B 420 424,117,1,0,0,,,,,,,,,,
GRAD CENTER B 420 425,128,1,0,0,,,,,,,,,,
GRAD CENTER B 430 431,128,1,0,0,,,,,,,,,,
GRAD CENTER B 430 432,121,1,0,0,,,,,,,,,,
GRAD CENTER B 430 433,117,1,0,0,,,,,,,,,,
GRAD CENTER B 430 434,128,1,0,0,,,,,,,,,,
GRAD CENTER B 430 435,117,1,0,0,,,,,,,,,,
GRAD CENTER B 430 436,128,1,0,0,,,,,,,,,,
GRAD CENTER B 440 441,121,1,0,0,,,,,,,,,,
GRAD CENTER B 440 442,117,1,0,0,,,,,,,,,,
GRAD CENTER B 440 443,128,1,0,0,,,,,,,,,,
GRAD CENTER B 440 444,117,1,0,0,,,,,,,,,,
GRAD CENTER B 440 445,129,1,0,0,,,,,,,,,,
GRAD CENTER B 510 511,128,1,0,0,,,,,,,,,,
GRAD CENTER B 510 512,121,1,0,0,,,,,,,,,,
GRAD CENTER B 510 513,117,1,0,0,,,,,,,,,,
GRAD CENTER B 510 514,128,1,0,0,,,,,,,,,,
GRAD CENTER B 510 515,117,1,0,0,,,,,,,,,,
GRAD CENTER B 510 516,128,1,0,0,,,,,,,,,,
GRAD CENTER B 530 531,128,1,0,0,,,,,,,,,,
GRAD CENTER B 530 532,121,1,0,0,,,,,,,,,,
GRAD CENTER B 530 533,117,1,0,0,,,,,,,,,,
GRAD CENTER B 530 534,128,1,0,0,,,,,,,,,,
GRAD CENTER B 530 535,117,1,0,0,,,,,,,,,,
GRAD CENTER B 540 543,128,1,0,0,,,,,,,,,,
GRAD CENTER B 540 544,117,1,0,0,,,,,,,,,,
GRAD CENTER B 540 545,129,1,0,0,,,,,,,,,,
GRAD CENTER B 630 631,128,1,0,0,,,,,,,,,,
GRAD CENTER B 630 632,121,1,0,0,,,,,,,,,,
GRAD CENTER B 630 633,128,1,0,0,,,,,,,,,,
GRAD CENTER B 630 634,128,1,0,0,,,,,,,,,,
GRAD CENTER B 630 635,117,1,0,0,,,,,,,,,,
GRAD CENTER B 630 636,129,1,0,0,,,,,,,,,,
GRAD CENTER B 640 641,121,1,0,0,,,,,,,,,,
GRAD CENTER B 640 642,117,1,0,0,,,,,,,,,,
GRAD CENTER B 640 643,128,1,0,0,,,,,,,,,,
GRAD CENTER B 640 644,117,1,0,0,,,,,,,,,,
GRAD CENTER B 640 645,129,1,0,0,,,,,,,,,,
GRAD CENTER D 110 111,121,1,0,0,,,,,,,,,,
GRAD CENTER D 110 112,117,1,0,0,,,,,,,,,,
GRAD CENTER D 110 113,128,1,0,0,,,,,,,,,,
GRAD CENTER D 110 114,117,1,0,0,,,,,,,,,,
GRAD CENTER D 110 115,128,1,0,0,,,,,,,,,,
GRAD CENTER D 120 121,128,1,0,0,,,,,,,,,,
GRAD CENTER D 120 123,117,1,0,0,,,,,,,,,,
GRAD CENTER D 120 124,128,1,0,0,,,,,,,,,,
GRAD CENTER D 120 125,117,1,0,0,,,,,,,,,,
GRAD CENTER D 140 142,121,1,0,0,,,,,,,,,,
GRAD CENTER D 140 143,117,1,0,0,,,,,,,,,,
GRAD CENTER D 140 144,128,1,0,0,,,,,,,,,,
GRAD CENTER D 140 145,117,1,0,0,,,,,,,,,,
GRAD CENTER D 220 221,128,1,0,0,,,,,,,,,,
GRAD CENTER D 220 222,121,1,0,0,,,,,,,,,,
GRAD CENTER D 220 223,117,1,0,0,,,,,,,,,,
GRAD CENTER D 220 224,128,1,0,0,,,,,,,,,,
GRAD CENTER D 220 225,117,1,0,0,,,,,,,,,,
GRAD CENTER D 220 226,128,1,0,0,,,,,,,,,,
GRAD CENTER D 230 232,117,1,0,0,,,,,,,,,,
GRAD CENTER D 230 233,128,1,0,0,,,,,,,,,,
GRAD CENTER D 230 234,117,1,0,0,,,,,,,,,,
GRAD CENTER D 230 235,128,1,0,0,,,,,,,,,,
GRAD CENTER D 240 241,128,1,0,0,,,,,,,,,,
GRAD CENTER D 240 242,121,1,0,0,,,,,,,,,,
GRAD CENTER D 240 243,117,1,0,0,,,,,,,,,,
GRAD CENTER D 240 244,128,1,0,0,,,,,,,,,,
GRAD CENTER D 240 245,117,1,0,0,,,,,,,,,,
GRAD CENTER D 240 246,128,1,0,0,,,,,,,,,,
GRAD CENTER D 310 311,121,1,0,0,,,,,,,,,,
GRAD CENTER D 310 312,117,1,0,0,,,,,,,,,,
GRAD CENTER D 310 313,128,1,0,0,,,,,,,,,,
GRAD CENTER D 310 314,117,1,0,0,,,,,,,,,,
GRAD CENTER D 310 315,129,1,0,0,,,,,,,,,,
GRAD CENTER D 320 321,128,1,0,0,,,,,,,,,,
GRAD CENTER D 320 322,121,1,0,0,,,,,,,,,,
GRAD CENTER D 320 323,117,1,0,0,,,,,,,,,,
GRAD CENTER D 320 324,124,1,0,0,,,,,,,,,,
GRAD CENTER D 320 325,117,1,0,0,,,,,,,,,,
GRAD CENTER D 320 326,111,1,0,0,,,,,,,,,,
GRAD CENTER D 330 331,121,1,0,0,,,,,,,,,,
GRAD CENTER D 330 332,117,1,0,0,,,,,,,,,,
GRAD CENTER D 330 333,128,1,0,0,,,,,,,,,,
GRAD CENTER D 330 334,117,1,0,0,,,,,,,,,,
GRAD CENTER D 330 335,128,1,0,0,,,,,,,,,,
GRAD CENTER D 340 341,128,1,0,0,,,,,,,,,,
GRAD CENTER D 340 342,121,1,0,0,,,,,,,,,,
GRAD CENTER D 340 343,117,1,0,0,,,,,,,,,,
GRAD CENTER D 340 344,128,1,0,0,,,,,,,,,,
GRAD CENTER D 340 345,117,1,0,0,,,,,,,,,,
GRAD CENTER D 340 346,128,1,0,0,,,,,,,,,,
GRAD CENTER D 420 421,128,1,0,0,,,,,,,,,,
GRAD CENTER D 420 422,121,1,0,0,,,,,,,,,,
GRAD CENTER D 420 423,117,1,0,0,,,,,,,,,,
GRAD CENTER D 420 424,128,1,0,0,,,,,,,,,,
GRAD CENTER D 420 425,117,1,0,0,,,,,,,,,,
GRAD CENTER D 430 431,121,1,0,0,,,,,,,,,,
GRAD CENTER D 430 432,117,1,0,0,,,,,,,,,,
GRAD CENTER D 430 433,128,1,0,0,,,,,,,,,,
GRAD CENTER D 430 434,117,1,0,0,,,,,,,,,,
GRAD CENTER D 430 435,128,1,0,0,,,,,,,,,,
GRAD CENTER D 440 441,128,1,0,0,,,,,,,,,,
GRAD CENTER D 440 442,121,1,0,0,,,,,,,,,,
GRAD CENTER D 440 443,117,1,0,0,,,,,,,,,,
GRAD CENTER D 440 444,128,1,0,0,,,,,,,,,,
GRAD CENTER D 440 445,117,1,0,0,,,,,,,,,,
GRAD CENTER D 440 446,128,1,0,0,,,,,,,,,,
GRAD CENTER D 510 511,121,1,0,0,,,,,,,,,,
GRAD CENTER D 510 512,117,1,0,0,,,,,,,,,,
GRAD CENTER D 510 513,128,1,0,0,,,,,,,,,,
GRAD CENTER D 510 514,117,1,0,0,,,,,,,,,,
GRAD CENTER D 510 515,129,1,0,0,,,,,,,,,,
GRAD CENTER D 520 521,128,1,0,0,,,,,,,,,,
GRAD CENTER D 520 522,121,1,0,0,,,,,,,,,,
GRAD CENTER D 520 523,117,1,0,0,,,,,,,,,,
GRAD CENTER D 520 524,128,1,0,0,,,,,,,,,,
GRAD CENTER D 520 525,117,1,0,0,,,,,,,,,,
GRAD CENTER D 520 526,128,1,0,0,,,,,,,,,,
GRAD CENTER D 540 541,128,1,0,0,,,,,,,,,,
GRAD CENTER D 540 542,121,1,0,0,,,,,,,,,,
GRAD CENTER D 540 543,117,1,0,0,,,,,,,,,,
GRAD CENTER D 540 544,128,1,0,0,,,,,,,,,,
GRAD CENTER D 540 545,117,1,0,0,,,,,,,,,,
GRAD CENTER D 540 546,128,1,0,0,,,,,,,,,,
GRAD CENTER D 630 631,121,1,0,0,,,,,,,,,,
GRAD CENTER D 630 632,117,1,0,0,,,,,,,,,,
GRAD CENTER D 630 633,128,1,0,0,,,,,,,,,,
GRAD CENTER D 630 634,117,1,0,0,,,,,,,,,,
GRAD CENTER D 630 635,128,1,0,0,,,,,,,,,,
GRAD CENTER D 640 641,128,1,0,0,,,,,,,,,,
GRAD CENTER D 640 642,121,1,0,0,,,,,,,,,,
GRAD CENTER D 640 643,117,1,0,0,,,,,,,,,,
GRAD CENTER D 640 644,128,1,0,0,,,,,,,,,,
GRAD CENTER D 640 645,117,1,0,0,,,,,,,,,,
GRAD CENTER D 640 646,128,1,0,0,,,,,,,,,,
GREGORIAN QUAD A 501,351,2,0,0,,,,,,,,,,
GREGORIAN QUAD A 502,345,2,0,0,,,,,,,,,,
GREGORIAN QUAD A 503,349,2,0,0,,,,,,,,,,
GREGORIAN QUAD A 504,349,2,0,0,,,,,,,,,,
GREGORIAN QUAD A 505,349,2,0,0,,,,,,,,,,
GREGORIAN QUAD A 506,349,2,0,0,,,,,,,,,,
GREGORIAN QUAD A 507,351,2,0,0,,,,,,,,,,
GREGORIAN QUAD A 508,351,2,0,0,,,,,,,,,,
GREGORIAN QUAD A 509,307,2,0,0,,,,,,,,,,
GREGORIAN QUAD A 510,329,2,0,0,,,,,,,,,,
GREGORIAN QUAD A 511,333,2,0,0,,,,,,,,,,
GREGORIAN QUAD A 512,347,2,0,0,,,,,,,,,,
GREGORIAN QUAD A 601,300,2,0,0,,,,,,,,,,
GREGORIAN QUAD A 602,253,2,0,0,,,,,,,,,,
GREGORIAN QUAD A 603,301,2,0,0,,,,,,,,,,
GREGORIAN QUAD A 604,301,2,0,0,,,,,,,,,,
GREGORIAN QUAD A 605,301,2,0,0,,,,,,,,,,
GREGORIAN QUAD A 606,301,2,0,0,,,,,,,,,,
GREGORIAN QUAD A 607,300,2,0,0,,,,,,,,,,
GREGORIAN QUAD A 608,300,2,0,0,,,,,,,,,,
GREGORIAN QUAD A 611,404,2,0,0,,,,,,,,,,
GREGORIAN QUAD A 612,416,2,0,0,,,,,,,,,,
HOPE COLLEGE 106,113,1,0,0,,,,,,,,,,
HOPE COLLEGE 107,197,2,0,0,,,,,,,,,,
HOPE COLLEGE 108,118,1,0,0,,,,,,,,,,
HOPE COLLEGE 112,260,2,0,0,,,,,,,,,,
HOPE COLLEGE 114,118,1,0,0,,,,,,,,,,
HOPE COLLEGE 117,189,2,0,0,,,,,,,,,,
HOPE COLLEGE 119,230,2,0,0,,,,,,,,,,
HOPE COLLEGE 120,247,2,0,0,,,,,,,,,,
HOPE COLLEGE 201,216,2,0,0,,,,,,,,,,
HOPE COLLEGE 202,214,2,0,0,,,,,,,,,,
HOPE COLLEGE 203,204,2,0,0,,,,,,,,,,
HOPE COLLEGE 212,263,2,0,0,,,,,,,,,,
HOPE COLLEGE 217,200,2,0,0,,,,,,,,,,
HOPE COLLEGE 219,230,2,0,0,,,,,,,,,,
HOPE COLLEGE 220,247,2,0,0,,,,,,,,,,
HOPE COLLEGE 301,216,2,0,0,,,,,,,,,,
HOPE COLLEGE 302,214,2,0,0,,,,,,,,,,
HOPE COLLEGE 303,204,2,0,0,,,,,,,,,,
HOPE COLLEGE 306,113,1,0,0,,,,,,,,,,
HOPE COLLEGE 307,197,2,0,0,,,,,,,,,,
HOPE COLLEGE 312,263,2,0,0,,,,,,,,,,
HOPE COLLEGE 315,196,2,0,0,,,,,,,,,,
HOPE COLLEGE 317,200,2,0,0,,,,,,,,,,
HOPE COLLEGE 319,230,2,0,0,,,,,,,,,,
HOPE COLLEGE 320,247,2,0,0,,,,,,,,,,
LITTLEFIELD HALL 101,231,2,0,0,,,,,,,,,,
LITTLEFIELD HALL 105,212,2,0,0,,,,,,,,,,
LITTLEFIELD HALL 107,216,2,0,0,,,,,,,,,,
LITTLEFIELD HALL 108,234,2,0,0,,,,,,,,,,
LITTLEFIELD HALL 109,224,2,0,0,,,,,,,,,,
LITTLEFIELD HALL 112,252,2,0,0,,,,,,,,,,
LITTLEFIELD HALL 201,231,2,0,0,,,,,,,,,,
LITTLEFIELD HALL 205,212,2,0,0,,,,,,,,,,
LITTLEFIELD HALL 207,216,2,0,0,,,,,,,,,,
LITTLEFIELD HALL 209,224,2,0,0,,,,,,,,,,
LITTLEFIELD HALL 211,232,2,0,0,,,,,,,,,,
LITTLEFIELD HALL 212,256,2,0,0,,,,,,,,,,
LITTLEFIELD HALL 301,231,2,0,0,,,,,,,,,,
LITTLEFIELD HALL 305,212,2,0,0,,,,,,,,,,
LITTLEFIELD HALL 308,234,2,0,0,,,,,,,,,,
LITTLEFIELD HALL 309,224,2,0,0,,,,,,,,,,
LITTLEFIELD HALL 312,256,2,0,0,,,,,,,,,,
LITTLEFIELD HALL 401,179,2,0,0,,,,,,,,,,
LITTLEFIELD HALL 402,207,2,0,0,,,,,,,,,,
LITTLEFIELD HALL 407,208,2,0,0,,,,,,,,,,
LITTLEFIELD HALL 408,226,2,0,0,,,,,,,,,,
LITTLEFIELD HALL 409,221,2,0,0,,,,,,,,,,
LITTLEFIELD HALL 412,252,2,0,0,,,,,,,,,,
MARCY HOUSE 121,225,2,0,0,,,,,,,,,,
MARCY HOUSE 125,215,2,0,0,,,,,,,,,,
MARCY HOUSE 127,133,1,0,0,,,,,,,,,,
MARCY HOUSE 128,133,1,0,0,,,,,,,,,,
MARCY HOUSE 321,224,2,0,0,,,,,,,,,,
MARCY HOUSE 325,214,2,0,0,,,,,,,,,,
MARCY HOUSE 327,133,1,0,0,,,,,,,,,,
MARCY HOUSE 328,133,1,0,0,,,,,,,,,,
MARCY HOUSE 329,133,1,0,0,,,,,,,,,,
MARCY HOUSE 330,133,1,0,0,,,,,,,,,,
MARCY HOUSE 332,125,1,0,0,,,,,,,,,,
MARCY HOUSE 334,122,1,0,0,,,,,,,,,,
MARCY HOUSE 336,250,2,0,0,,,,,,,,,,
MIDDLE CASWELL HALL 105,215,2,0,0,,,,,,,,,,
MIDDLE CASWELL HALL 106,220,2,0,0,,,,,,,,,,
MIDDLE CASWELL HALL 107,194,2,0,0,,,,,,,,,,
MIDDLE CASWELL HALL 108,197,2,0,0,,,,,,,,,,
MIDDLE CASWELL HALL 206,239,2,0,0,,,,,,,,,,
MIDDLE CASWELL HALL 207,222,2,0,0,,,,,,,,,,
MIDDLE CASWELL HALL 208,197,2,0,0,,,,,,,,,,
MIDDLE CASWELL HALL 305,214,2,0,0,,,,,,,,,,
MIDDLE CASWELL HALL 306,241,2,0,0,,,,,,,,,,
MIDDLE CASWELL HALL 307,212,2,0,0,,,,,,,,,,
MIDDLE CASWELL HALL 308,198,2,0,0,,,,,,,,,,
MIDDLE CASWELL HALL 405,215,2,0,0,,,,,,,,,,
MIDDLE CASWELL HALL 406,233,2,0,0,,,,,,,,,,
MIDDLE CASWELL HALL 407,219,2,0,0,,,,,,,,,,
MIDDLE CASWELL HALL 408,198,2,0,0,,,,,,,,,,
MINDEN HALL 206,160,2,0,0,,,,,,,,,,
MINDEN HALL 207,352,2,0,0,,,,,,,,,,
MINDEN HALL 208,162,2,0,0,,,,,,,,,,
MINDEN HALL 209,147,1,0,0,,,,,,,,,,
MINDEN HALL 305,98,1,0,0,,,,,,,,,,
MINDEN HALL 306,311,2,0,0,,,,,,,,,,
MINDEN HALL 308,303,2,0,0,,,,,,,,,,
MINDEN HALL 405,98,1,0,0,,,,,,,,,,
MINDEN HALL 406,312,2,0,0,,,,,,,,,,
MINDEN HALL 408,303,2,0,0,,,,,,,,,,
MINDEN HALL 506,311,2,0,0,,,,,,,,,,
MINDEN HALL 508,303,2,0,0,,,,,,,,,,
MINDEN HALL 606,311,2,0,0,,,,,,,,,,
MINDEN HALL 607,343,2,0,0,,,,,,,,,,
MINDEN HALL 608,303,2,0,0,,,,,,,,,,
MINDEN HALL 706,313,2,0,0,,,,,,,,,,
MINDEN HALL 707,343,2,0,0,,,,,,,,,,
MINDEN HALL 708,299,2,0,0,,,,,,,,,,
MINDEN HALL 709,154,1,0,0,,,,,,,,,,
MINDEN HALL 806,388,2,0,0,,,,,,,,,,
MINDEN HALL 807,141,1,0,0,,,,,,,,,,
MINDEN HALL 809,357,2,0,0,,,,,,,,,,
MINDEN HALL 812,147,2,0,0,,,,,,,,,,
MINDEN HALL 814,336,2,0,0,,,,,,,,,,
NEW PEMBROKE 3 102,210,2,0,0,,,,,,,,,,
NEW PEMBROKE 3 105,101,1,0,0,,,,,,,,,,
NEW PEMBROKE 3 107,207,2,0,0,,,,,,,,,,
NEW PEMBROKE 3 108,165,2,0,0,,,,,,,,,,
NEW PEMBROKE 3 109,205,2,0,0,,,,,,,,,,
NEW PEMBROKE 3 110,164,2,0,0,,,,,,,,,,
NEW PEMBROKE 3 111,206,2,0,0,,,,,,,,,,
NEW PEMBROKE 3 113,205,2,0,0,,,,,,,,,,
NEW PEMBROKE 3 115,219,2,0,0,,,,,,,,,,
NEW PEMBROKE 3 117,194,2,0,0,,,,,,,,,,
NORTH CASWELL HALL 109,214,2,0,0,,,,,,,,,,
NORTH CASWELL HALL 112,198,2,0,0,,,,,,,,,,
NORTH CASWELL HALL 209,215,2,0,0,,,,,,,,,,
NORTH CASWELL HALL 211,217,2,0,0,,,,,,,,,,
NORTH CASWELL HALL 212,198,2,0,0,,,,,,,,,,
NORTH CASWELL HALL 309,215,2,0,0,,,,,,,,,,
NORTH CASWELL HALL 310,220,2,0,0,,,,,,,,,,
NORTH CASWELL HALL 311,206,2,0,0,,,,,,,,,,
NORTH CASWELL HALL 312,198,2,0,0,,,,,,,,,,
NORTH CASWELL HALL 409,215,2,0,0,,,,,,,,,,
NORTH CASWELL HALL 410,225,2,0,0,,,,,,,,,,
NORTH CASWELL HALL 411,220,2,0,0,,,,,,,,,,
NORTH CASWELL HALL 412,198,2,0,0,,,,,,,,,,
OLNEY HOUSE 111,133,1,0,0,,,,,,,,,,
OLNEY HOUSE 113,219,2,0,0,,,,,,,,,,
OLNEY HOUSE 116,274,2,0,0,,,,,,,,,,
OLNEY HOUSE 117,219,2,0,0,,,,,,,,,,
OLNEY HOUSE 121,133,1,0,0,,,,,,,,,,
OLNEY HOUSE 122,133,1,0,0,,,,,,,,,,
OLNEY HOUSE 201,232,2,0,0,,,,,,,,,,
OLNEY HOUSE 202,232,2,0,0,,,,,,,,,,
OLNEY HOUSE 204,244,2,0,0,,,,,,,,,,
OLNEY HOUSE 207,248,2,0,0,,,,,,,,,,
OLNEY HOUSE 208,248,2,0,0,,,,,,,,,,
OLNEY HOUSE 209,133,1,0,0,,,,,,,,,,
OLNEY HOUSE 210,133,1,0,0,,,,,,,,,,
OLNEY HOUSE 212,133,1,0,0,,,,,,,,,,
OLNEY HOUSE 213,219,2,0,0,,,,,,,,,,
OLNEY HOUSE 214,251,2,0,0,,,,,,,,,,
OLNEY HOUSE 301,232,2,0,0,,,,,,,,,,
OLNEY HOUSE 302,232,2,0,0,,,,,,,,,,
OLNEY HOUSE 304,244,2,0,0,,,,,,,,,,
OLNEY HOUSE 306A,122,1,0,0,,,,,,,,,,
OLNEY HOUSE 306B,122,1,0,0,,,,,,,,,,
OLNEY HOUSE 307,248,2,0,0,,,,,,,,,,
OLNEY HOUSE 308,248,2,0,0,,,,,,,,,,
OLNEY HOUSE 309,130,1,0,0,,,,,,,,,,
OLNEY HOUSE 310,130,1,0,0,,,,,,,,,,
OLNEY HOUSE 312,130,1,0,0,,,,,,,,,,
PERKINS HALL 002,200,2,0,0,,,,,,,,,,
PERKINS HALL 003,207,2,0,0,,,,,,,,,,
PERKINS HALL 004,200,2,0,0,,,,,,,,,,
PERKINS HALL 005,200,2,0,0,,,,,,,,,,
PERKINS HALL 006,200,2,0,0,,,,,,,,,,
PERKINS HALL 007,207,2,0,0,,,,,,,,,,
PERKINS HALL 008,191,1,0,0,,,,,,,,,,
PERKINS HALL 011,192,2,0,0,,,,,,,,,,
PERKINS HALL 012,192,2,0,0,,,,,,,,,,
PERKINS HALL 014,192,2,0,0,,,,,,,,,,
PERKINS HALL 021,335,2,0,0,,,,,,,,,,
PERKINS HALL 022,263,2,0,0,,,,,,,,,,
PERKINS HALL 103,195,2,0,0,,,,,,,,,,
PERKINS HALL 113,195,2,0,0,,,,,,,,,,
PERKINS HALL 114,192,2,0,0,,,,,,,,,,
PERKINS HALL 115,192,2,0,0,,,,,,,,,,
PERKINS HALL 116,192,2,0,0,,,,,,,,,,
PERKINS HALL 117,195,2,0,0,,,,,,,,,,
PERKINS HALL 118,203,2,0,0,,,,,,,,,,
PERKINS HALL 119,191,2,0,0,,,,,,,,,,
PERKINS HALL 120,187,2,0,0,,,,,,,,,,
PERKINS HALL 121,203,2,0,0,,,,,,,,,,
PERKINS HALL 122,195,2,0,0,,,,,,,,,,
PERKINS HALL 123,192,2,0,0,,,,,,,,,,
PERKINS HALL 124,192,2,0,0,,,,,,,,,,
PERKINS HALL 125,192,2,0,0,,,,,,,,,,
PERKINS HALL 126,195,2,0,0,,,,,,,,,,
PERKINS HALL 127,194,2,0,0,,,,,,,,,,
PERKINS HALL 128,195,2,0,0,,,,,,,,,,
PERKINS HALL 129,192,2,0,0,,,,,,,,,,
PERKINS HALL 130,192,2,0,0,,,,,,,,,,
PERKINS HALL 131,192,2,0,0,,,,,,,,,,
PERKINS HALL 132,195,2,0,0,,,,,,,,,,
PERKINS HALL 133,203,2,0,0,,,,,,,,,,
PERKINS HALL 134,160,1,0,0,,,,,,,,,,
PERKINS HALL 136,203,2,0,0,,,,,,,,,,
PERKINS HALL 137,195,2,0,0,,,,,,,,,,
PERKINS HALL 138,192,2,0,0,,,,,,,,,,
PERKINS HALL 139,192,2,0,0,,,,,,,,,,
PERKINS HALL 215,184,2,0,0,,,,,,,,,,
PERKINS HALL 216,195,2,0,0,,,,,,,,,,
PERKINS HALL 217,192,2,0,0,,,,,,,,,,
PERKINS HALL 218,192,2,0,0,,,,,,,,,,
PERKINS HALL 219,192,2,0,0,,,,,,,,,,
PERKINS HALL 220,195,2,0,0,,,,,,,,,,
PERKINS HALL 221,203,2,0,0,,,,,,,,,,
PERKINS HALL 224,203,2,0,0,,,,,,,,,,
PERKINS HALL 225,195,2,0,0,,,,,,,,,,
PERKINS HALL 226,192,2,0,0,,,,,,,,,,
PERKINS HALL 227,192,2,0,0,,,,,,,,,,
PERKINS HALL 228,192,2,0,0,,,,,,,,,,
PERKINS HALL 229,195,2,0,0,,,,,,,,,,
PERKINS HALL 230,205,2,0,0,,,,,,,,,,
PERKINS HALL 231,195,2,0,0,,,,,,,,,,
PERKINS HALL 232,192,2,0,0,,,,,,,,,,
PERKINS HALL 233,192,2,0,0,,,,,,,,,,
PERKINS HALL 234,192,2,0,0,,,,,,,,,,
PERKINS HALL 235,195,2,0,0,,,,,,,,,,
PERKINS HALL 236,203,2,0,0,,,,,,,,,,
PERKINS HALL 237,191,2,0,0,,,,,,,,,,
PERKINS HALL 238,187,2,0,0,,,,,,,,,,
PERKINS HALL 239,203,2,0,0,,,,,,,,,,
PERKINS HALL 240,195,2,0,0,,,,,,,,,,
PERKINS HALL 241,192,2,0,0,,,,,,,,,,
PERKINS HALL 242,192,2,0,0,,,,,,,,,,
PERKINS HALL 243,192,2,0,0,,,,,,,,,,
PERKINS HALL 244,195,2,0,0,,,,,,,,,,
PERKINS HALL 315,184,2,0,0,,,,,,,,,,
PERKINS HALL 316,194,2,0,0,,,,,,,,,,
PERKINS HALL 317,192,2,0,0,,,,,,,,,,
PERKINS HALL 318,192,2,0,0,,,,,,,,,,
PERKINS HALL 319,192,2,0,0,,,,,,,,,,
PERKINS HALL 320,194,2,0,0,,,,,,,,,,
PERKINS HALL 321,203,2,0,0,,,,,,,,,,
PERKINS HALL 324,203,2,0,0,,,,,,,,,,
PERKINS HALL 325,194,2,0,0,,,,,,,,,,
PERKINS HALL 326,192,2,0,0,,,,,,,,,,
PERKINS HALL 327,192,2,0,0,,,,,,,,,,
PERKINS HALL 328,192,2,0,0,,,,,,,,,,
PERKINS HALL 329,194,2,0,0,,,,,,,,,,
PERKINS HALL 330,205,2,0,0,,,,,,,,,,
PERKINS HALL 331,194,2,0,0,,,,,,,,,,
PERKINS HALL 332,192,2,0,0,,,,,,,,,,
PERKINS HALL 333,192,2,0,0,,,,,,,,,,
PERKINS HALL 334,192,2,0,0,,,,,,,,,,
PERKINS HALL 335,194,2,0,0,,,,,,,,,,
PERKINS HALL 336,203,2,0,0,,,,,,,,,,
PERKINS HALL 337,191,2,0,0,,,,,,,,,,
PERKINS HALL 338,186,2,0,0,,,,,,,,,,
PERKINS HALL 339,203,2,0,0,,,,,,,,,,
PERKINS HALL 340,194,2,0,0,,,,,,,,,,
PERKINS HALL 341,192,2,0,0,,,,,,,,,,
PERKINS HALL 342,192,2,0,0,,,,,,,,,,
PERKINS HALL 343,192,2,0,0,,,,,,,,,,
PERKINS HALL 344,194,2,0,0,,,,,,,,,,
SEARS HOUSE 111,120,1,0,0,,,,,,,,,,
SEARS HOUSE 112,120,1,0,0,,,,,,,,,,
SEARS HOUSE 113,192,2,0,0,,,,,,,,,,
SEARS HOUSE 114B,152,1,0,0,,,,,,,,,,
SEARS HOUSE 117,192,2,0,0,,,,,,,,,,
SEARS HOUSE 211,120,1,0,0,,,,,,,,,,
SEARS HOUSE 212,120,1,0,0,,,,,,,,,,
SEARS HOUSE 213,192,2,0,0,,,,,,,,,,
SEARS HOUSE 214,249,2,0,0,,,,,,,,,,
SEARS HOUSE 217,192,2,0,0,,,,,,,,,,
SEARS HOUSE 220,120,1,0,0,,,,,,,,,,
SEARS HOUSE 221,115,1,0,0,,,,,,,,,,
SEARS HOUSE 222,119,1,0,0,,,,,,,,,,
SEARS HOUSE 224,222,2,0,0,,,,,,,,,,
SEARS HOUSE 306A,109,1,0,0,,,,,,,,,,
SEARS HOUSE 306B,109,1,0,0,,,,,,,,,,
SEARS HOUSE 307,218,2,0,0,,,,,,,,,,
SEARS HOUSE 308,222,2,0,0,,,,,,,,,,
SEARS HOUSE 309,114,1,0,0,,,,,,,,,,
SEARS HOUSE 310,114,1,0,0,,,,,,,,,,
SEARS HOUSE 312,114,1,0,0,,,,,,,,,,
SEARS HOUSE 313,192,2,0,0,,,,,,,,,,
SEARS HOUSE 314,196,2,0,0,,,,,,,,,,
SEARS HOUSE 317,192,2,0,0,,,,,,,,,,
SEARS HOUSE 319,114,1,0,0,,,,,,,,,,
SEARS HOUSE 320,114,1,0,0,,,,,,,,,,
SEARS HOUSE 321,110,1,0,0,,,,,,,,,,
SEARS HOUSE 322,114,1,0,0,,,,,,,,,,
SOUTH CASWELL HALL 101,215,2,0,0,,,,,,,,,,
SOUTH CASWELL HALL 102,214,2,0,0,,,,,,,,,,
SOUTH CASWELL HALL 103,194,2,0,0,,,,,,,,,,
SOUTH CASWELL HALL 104,197,2,0,0,,,,,,,,,,
SOUTH CASWELL HALL 201,214,2,0,0,,,,,,,,,,
SOUTH CASWELL HALL 202,234,2,0,0,,,,,,,,,,
SOUTH CASWELL HALL 203,206,2,0,0,,,,,,,,,,
SOUTH CASWELL HALL 204,197,2,0,0,,,,,,,,,,
SOUTH CASWELL HALL 301,214,2,0,0,,,,,,,,,,
SOUTH CASWELL HALL 303,208,2,0,0,,,,,,,,,,
SOUTH CASWELL HALL 304,197,2,0,0,,,,,,,,,,
SOUTH CASWELL HALL 401,215,2,0,0,,,,,,,,,,
SOUTH CASWELL HALL 402,242,2,0,0,,,,,,,,,,
SOUTH CASWELL HALL 403,202,2,0,0,,,,,,,,,,
,,,,,,,,,,,,,,
,,,,,,,,,,,,,,
,,,,,,,,,,,,,,
,,,,,,,,,,,,,,
,,,,,,,,,,,,,,
,,,,,,,,,,,,,,
,,,,,,,,,,,,,,
,,,,,,,,,,,,,,
,,,,,,,,,,,,,,
,,,,,,,,,,,,,,
,,,,,,,,,,,,,,
,,,,,,,,,,,,,,
,,,,,,,,,,,,,,
,,,,,,,,,,,,,,
,,,,,,,,,,,,,,
,,,,,,,,,,,,,,
,,,,,,,,,,,,,,
,,,,,,,,,,,,,,
,,,,,,,,,,,,,,
,,,,,,,,,,,,,,
,,,,,,,,,,,,,,
,,,,,,,,,,,,,,
,,,,,,,,,,,,,,
,,,,,,,,,,,,,,
,,,,,,,,,,,,,,
,,,,,,,,,,,,,,
,,,,,,,,,,,,,,
,,,,,,,,,,,,,,
,,,,,,,,,,,,,,
,,,,,,,,,,,,,,
,,,,,,,,,,,,,,
,,,,,,,,,,,,,,
,,,,,,,,,,,,,,
,,,,,,,,,,,,,,
,,,,,,,,,,,,,,
,,,,,,,,,,,,,,
,,,,,,,,,,,,,,
,,,,,,,,,,,,,,
,,,,,,,,,,,,,,
,,,,,,,,,,,,,,
,,,,,,,,,,,,,,
,,,,,,,,,,,,,,
,,,,,,,,,,,,,,
,,,,,,,,,,,,,,
,,,,,,,,,,,,,,
,,,,,,,,,,,,,,
,,,,,,,,,,,,,,
,,,,,,,,,,,,,,
,,,,,,,,,,,,,,
,,,,,,,,,,,,,,
,,,,,,,,,,,,,,
,,,,,,,,,,,,,,
,,,,,,,,,,,,,,
,,,,,,,,,,,,,,
,,,,,,,,,,,,,,
,,,,,,,,,,,,,,
,,,,,,,,,,,,,,
,,,,,,,,,,,,,,
,,,,,,,,,,,,,,
,,,,,,,,,,,,,,
,,,,,,,,,,,,,,
,,,,,,,,,,,,,,
,,,,,,,,,,,,,,
,,,,,,,,,,,,,,
,,,,,,,,,,,,,,
,,,,,,,,,,,,,,
,,,,,,,,,,,,,,
,,,,,,,,,,,,,,
,,,,,,,,,,,,,,
,,,,,,,,,,,,,,
,,,,,,,,,,,,,,
,,,,,,,,,,,,,,
,,,,,,,,,,,,,,
,,,,,,,,,,,,,,
,,,,,,,,,,,,,,
,,,,,,,,,,,,,,
,,,,,,,,,,,,,,
,,,,,,,,,,,,,,
,,,,,,,,,,,,,,
,,,,,,,,,,,,,,
,,,,,,,,,,,,,,
,,,,,,,,,,,,,,
,,,,,,,,,,,,,,
,,,,,,,,,,,,,,
,,,,,,,,,,,,,,
,,,,,,,,,,,,,,
,,,,,,,,,,,,,,
,,,,,,,,,,,,,,
,,,,,,,,,,,,,,
,,,,,,,,,,,,,,
,,,,,,,,,,,,,,
,,,,,,,,,,,,,,
,,,,,,,,,,,,,,
,,,,,,,,,,,,,,
,,,,,,,,,,,,,,
,,,,,,,,,,,,,,
,,,,,,,,,,,,,,
,,,,,,,,,,,,,,
,,,,,,,,,,,,,,
,,,,,,,,,,,,,,
,,,,,,,,,,,,,,
,,,,,,,,,,,,,,